epoch,loss,lr,mean_pred,mean_pred_single_pixel,mean_true,segmentation_single_pixel_binary_accuracy,val_loss,val_mean_pred,val_mean_pred_single_pixel,val_mean_true,val_segmentation_single_pixel_binary_accuracy
0,0.6932746767997742,0.1,0.5009670853614807,0.5000636577606201,0.0,0.3333333432674408,0.6572460055351257,0.47526721358299256,0.47689691185951233,0.1,0.9
1,0.6486732959747314,0.1,0.476882666349411,0.47726067900657654,0.0,1.0,0.6143880188465118,0.4489889681339264,0.44743517637252805,0.1,0.9
2,0.5926405787467957,0.1,0.44959986209869385,0.4471311569213867,0.0,1.0,0.5752056181430817,0.421354204416275,0.4185400903224945,0.1,0.9
3,0.5473573207855225,0.1,0.4220182001590729,0.42151546478271484,0.0,1.0,0.5405073076486587,0.39465841054916384,0.3911542534828186,0.1,0.9
4,0.49581751227378845,0.1,0.3955504298210144,0.39090433716773987,0.0,1.0,0.509588223695755,0.3684952944517136,0.36501398384571077,0.1,0.9
5,0.4534357488155365,0.1,0.36989131569862366,0.36454835534095764,0.0,1.0,0.48167066276073456,0.34352925419807434,0.3397524654865265,0.1,0.9
6,0.42797017097473145,0.1,0.34549978375434875,0.34811821579933167,0.0,1.0,0.45735080242156984,0.32019188702106477,0.3162630498409271,0.1,0.9
7,0.3882569372653961,0.1,0.3226257860660553,0.3216741383075714,0.0,1.0,0.43509292006492617,0.29717773497104644,0.2932113856077194,0.1,0.9
8,0.34791049361228943,0.1,0.3004491925239563,0.29380765557289124,0.0,1.0,0.41507581174373626,0.27484592199325564,0.2709233820438385,0.1,0.9
9,0.32058408856391907,0.1,0.2788182199001312,0.2740821838378906,0.0,1.0,0.3975075125694275,0.2538900822401047,0.24976051598787308,0.1,0.9
10,0.29270246624946594,0.1,0.25848835706710815,0.25346657633781433,0.0,1.0,0.3823311924934387,0.23420618325471879,0.2299237832427025,0.1,0.9
11,0.2674737870693207,0.1,0.23915071785449982,0.23458917438983917,0.0,1.0,0.36912721395492554,0.2156790390610695,0.21101356744766236,0.1,0.9
12,0.23855043947696686,0.1,0.22094561159610748,0.2120722532272339,0.0,1.0,0.35781039893627165,0.19824168235063552,0.19299572408199311,0.1,0.9
13,0.21692906320095062,0.1,0.2040606588125229,0.1949254721403122,0.0,1.0,0.34835255295038225,0.18161081820726394,0.1759774774312973,0.1,0.9
14,0.19688846170902252,0.1,0.18751023709774017,0.1785932034254074,0.0,1.0,0.3408700942993164,0.16628254652023317,0.1603378877043724,0.1,0.9
15,0.1868598312139511,0.1,0.17269118130207062,0.17009954154491425,0.0,1.0,0.3350528284907341,0.15218040645122527,0.14579592645168304,0.1,0.9
16,0.1622314453125,0.1,0.15866313874721527,0.1496366262435913,0.0,1.0,0.3308150827884674,0.1391359731554985,0.13202850073575972,0.1,0.9
17,0.14647452533245087,0.1,0.14602994918823242,0.136207714676857,0.0,1.0,0.3281316965818405,0.1272119551897049,0.11964252740144729,0.1,0.9
18,0.14243663847446442,0.1,0.13441623747348785,0.13266801834106445,0.0,1.0,0.3267584413290024,0.11633162945508957,0.10828803479671478,0.1,0.9
19,0.1244458332657814,0.1,0.12374987453222275,0.11681460589170456,0.0,1.0,0.3266518719494343,0.10630430206656456,0.09772713258862495,0.1,0.9
20,0.11673969775438309,0.1,0.1137080192565918,0.11013535410165787,0.0,1.0,0.3278081201016903,0.0967331051826477,0.0877508781850338,0.1,0.9
21,0.09304284304380417,0.1,0.10434004664421082,0.08874087780714035,0.0,1.0,0.33009199649095533,0.08852547034621239,0.0789945162832737,0.1,0.9
22,0.08517739921808243,0.1,0.09621315449476242,0.08148930221796036,0.0,1.0,0.33354909643530845,0.08080416470766068,0.07078505605459214,0.1,0.9
23,0.07886909693479538,0.1,0.08849916607141495,0.07576087862253189,0.0,1.0,0.33810896053910255,0.07353604063391686,0.06322530508041382,0.1,0.9
24,0.07088572531938553,0.1,0.08154360204935074,0.06833520531654358,0.0,1.0,0.3440124996006489,0.0665747806429863,0.05603638030588627,0.1,0.9
25,0.07604004442691803,0.01,0.07495040446519852,0.07298356294631958,0.0,1.0,0.34465058110654356,0.06592643782496452,0.05535267852246761,0.1,0.9
26,0.07498977333307266,0.01,0.07461818307638168,0.07205033302307129,0.0,1.0,0.3453257385641336,0.06527705043554306,0.05465393699705601,0.1,0.9
27,0.06076119467616081,0.01,0.073756143450737,0.05885252356529236,0.0,1.0,0.3459719352424145,0.06467574089765549,0.05401017591357231,0.1,0.9
28,0.06715118139982224,0.01,0.07324253767728806,0.06491712480783463,0.0,1.0,0.3466566767543554,0.06403404250741004,0.053329364955425264,0.1,0.9
29,0.07675088196992874,0.0009999999,0.07253444939851761,0.07369212061166763,0.0,1.0,0.34672742560505865,0.06396880149841308,0.053260548412799834,0.1,0.9
30,0.06805703788995743,0.0009999999,0.07262338697910309,0.06567666679620743,0.0,1.0,0.34679485484957695,0.06390615552663803,0.05319549255073071,0.1,0.9
31,0.06025901064276695,0.0009999999,0.07242123037576675,0.05836893990635872,0.0,1.0,0.3468605991452932,0.06384558230638504,0.053132176771759985,0.1,0.9
32,0.07321906834840775,0.0009999999,0.07248663157224655,0.07029547542333603,0.0,1.0,0.3469265215098858,0.06378199681639671,0.053067513182759284,0.1,0.9
33,0.06896595656871796,9.999999e-05,0.07246896624565125,0.06654346734285355,0.0,1.0,0.3469331435859203,0.0637757159769535,0.05306107997894287,0.1,0.9
34,0.06958921998739243,9.999999e-05,0.07239801436662674,0.06712836027145386,0.0,1.0,0.34694054797291757,0.06376957371830941,0.053054198250174524,0.1,0.9
35,0.05808889493346214,9.999999e-05,0.07241689413785934,0.056416649371385574,0.0,1.0,0.34694833792746066,0.0637635424733162,0.05304717980325222,0.1,0.9
36,0.07097425311803818,9.999999e-05,0.07240141183137894,0.06842196732759476,0.0,1.0,0.34695477709174155,0.06375737339258195,0.053040885180234906,0.1,0.9
37,0.051769863814115524,9.999999e-06,0.0723629891872406,0.050409216433763504,0.0,1.0,0.34695541150867937,0.06375680565834045,0.053040295094251635,0.1,0.9
38,0.0783802792429924,9.999999e-06,0.07245202362537384,0.07522929459810257,0.0,1.0,0.34695604890584947,0.06375618129968644,0.053039660677313805,0.1,0.9
39,0.06675300002098083,9.999999e-06,0.07240518182516098,0.06455320864915848,0.0,1.0,0.34695672914385794,0.06375554949045181,0.05303899608552456,0.1,0.9
40,0.06611544638872147,9.999999e-06,0.07230266183614731,0.06393829733133316,0.0,1.0,0.3469574302434921,0.06375493109226227,0.05303832963109016,0.1,0.9
41,0.06845775991678238,9.999999e-07,0.0723789855837822,0.06584183126688004,0.0,1.0,0.3469574946910143,0.06375487521290779,0.05303827151656151,0.1,0.9
42,0.06805020570755005,9.999999e-07,0.07247523963451385,0.06555739045143127,0.0,1.0,0.3469575375318527,0.06375481709837913,0.053038216382265094,0.1,0.9
43,0.07051128894090652,9.999999e-07,0.07247718423604965,0.06800960004329681,0.0,1.0,0.34695759452879427,0.06375476717948914,0.053038176521658896,0.1,0.9
44,0.07056199759244919,9.999999e-07,0.07236078381538391,0.06804267317056656,0.0,1.0,0.34695764183998107,0.0637547180056572,0.0530381228774786,0.1,0.9
45,0.05808277800679207,9.999999e-08,0.07224147021770477,0.05640246346592903,0.0,1.0,0.3469576373696327,0.06375471726059914,0.053038119524717334,0.1,0.9
46,0.0835740864276886,9.999999e-08,0.07242515683174133,0.07992231845855713,0.0,1.0,0.3469576396048069,0.06375471726059914,0.05303812175989151,0.1,0.9
47,0.05786826089024544,9.999999e-08,0.07253065705299377,0.05622002109885216,0.0,1.0,0.346957640349865,0.06375471651554107,0.05303812325000763,0.1,0.9
48,0.07247970253229141,9.999999e-08,0.07229817658662796,0.06979960203170776,0.0,1.0,0.34695763848721983,0.06375471651554107,0.05303812138736248,0.1,0.9
49,0.06551942229270935,9.999999e-09,0.07249903678894043,0.0633823350071907,0.0,1.0,0.34695763923227785,0.06375471651554107,0.05303812213242054,0.1,0.9
50,0.06116975471377373,9.999999e-09,0.07248493283987045,0.05924612656235695,0.0,1.0,0.34695763923227785,0.06375471651554107,0.05303812213242054,0.1,0.9
51,0.061652183532714844,9.999999e-09,0.0723942443728447,0.05976925790309906,0.0,1.0,0.34695763923227785,0.06375471651554107,0.05303812138736248,0.1,0.9
52,0.06834635138511658,9.999999e-09,0.07227346301078796,0.06582164764404297,0.0,1.0,0.3469576396048069,0.06375471726059914,0.05303812213242054,0.1,0.9
53,0.05386914685368538,9.999999e-10,0.07246392220258713,0.052384812384843826,0.0,1.0,0.3469576396048069,0.06375471726059914,0.05303812213242054,0.1,0.9
54,0.07633761316537857,9.999999e-10,0.07231957465410233,0.07342173904180527,0.0,1.0,0.3469576396048069,0.06375471726059914,0.05303812213242054,0.1,0.9
55,0.05450264737010002,9.999999e-10,0.07254470884799957,0.053018491715192795,0.0,1.0,0.3469576396048069,0.06375471726059914,0.05303812213242054,0.1,0.9
56,0.06256064772605896,9.999999e-10,0.07244916260242462,0.060631513595581055,0.0,1.0,0.3469576396048069,0.06375471726059914,0.05303812213242054,0.1,0.9
57,0.0688137337565422,9.999999e-11,0.07254230976104736,0.06632863730192184,0.0,1.0,0.3469576396048069,0.06375471726059914,0.05303812213242054,0.1,0.9
58,0.06526442617177963,9.999999e-11,0.07238464057445526,0.063003771007061,0.0,1.0,0.3469576396048069,0.06375471726059914,0.05303812213242054,0.1,0.9
59,0.06888411194086075,9.999999e-11,0.07235574722290039,0.06653038412332535,0.0,1.0,0.3469576396048069,0.06375471726059914,0.05303812213242054,0.1,0.9
60,0.054655496031045914,9.999999e-11,0.07239193469285965,0.053175151348114014,0.0,1.0,0.3469576396048069,0.06375471726059914,0.05303812213242054,0.1,0.9
61,0.06596292555332184,9.999999e-12,0.07246195524930954,0.06369616836309433,0.0,1.0,0.3469576396048069,0.06375471726059914,0.05303812213242054,0.1,0.9
62,0.07778673619031906,9.999999e-12,0.07251965254545212,0.07467469573020935,0.0,1.0,0.3469576396048069,0.06375471726059914,0.05303812213242054,0.1,0.9
63,0.08406442403793335,9.999999e-12,0.07253813743591309,0.08037596195936203,0.0,1.0,0.3469576396048069,0.06375471726059914,0.05303812213242054,0.1,0.9
64,0.05535208806395531,9.999999e-12,0.07234396785497665,0.053837135434150696,0.0,1.0,0.3469576396048069,0.06375471726059914,0.05303812213242054,0.1,0.9
65,0.06624381989240646,9.999999e-13,0.0723746120929718,0.06403559446334839,0.0,1.0,0.3469576396048069,0.06375471726059914,0.05303812213242054,0.1,0.9
66,0.05804868042469025,9.999999e-13,0.07239837944507599,0.056378722190856934,0.0,1.0,0.3469576396048069,0.06375471726059914,0.05303812213242054,0.1,0.9
67,0.06341560930013657,9.999999e-13,0.07236190885305405,0.06140291690826416,0.0,1.0,0.3469576396048069,0.06375471726059914,0.05303812213242054,0.1,0.9
68,0.05580601096153259,9.999999e-13,0.07261557132005692,0.05423378944396973,0.0,1.0,0.3469576396048069,0.06375471726059914,0.05303812213242054,0.1,0.9
69,0.07551600784063339,9.999999e-14,0.07241184264421463,0.0726582333445549,0.0,1.0,0.3469576396048069,0.06375471726059914,0.05303812213242054,0.1,0.9
70,0.0726180374622345,9.999999e-14,0.07241485267877579,0.06999696046113968,0.0,1.0,0.3469576396048069,0.06375471726059914,0.05303812213242054,0.1,0.9
71,0.07477643340826035,9.999999e-14,0.0723782405257225,0.07194141298532486,0.0,1.0,0.3469576396048069,0.06375471726059914,0.05303812213242054,0.1,0.9
72,0.06257980316877365,9.999999e-14,0.0725243091583252,0.06057688966393471,0.0,1.0,0.3469576396048069,0.06375471726059914,0.05303812213242054,0.1,0.9
73,0.08192514628171921,9.999999e-15,0.07232841104269028,0.07862628251314163,0.0,1.0,0.3469576396048069,0.06375471726059914,0.05303812213242054,0.1,0.9
74,0.06512898951768875,9.999999e-15,0.07247709482908249,0.06295475363731384,0.0,1.0,0.3469576396048069,0.06375471726059914,0.05303812213242054,0.1,0.9
75,0.05473896861076355,9.999999e-15,0.0724126473069191,0.053213004022836685,0.0,1.0,0.3469576396048069,0.06375471726059914,0.05303812213242054,0.1,0.9
76,0.06434668600559235,9.999999e-15,0.07232222706079483,0.062190037220716476,0.0,1.0,0.3469576396048069,0.06375471726059914,0.05303812213242054,0.1,0.9
77,0.055397748947143555,9.999999e-16,0.07233064621686935,0.053876105695962906,0.0,1.0,0.3469576396048069,0.06375471726059914,0.05303812213242054,0.1,0.9
78,0.06373170763254166,9.999999e-16,0.07246129959821701,0.06169620528817177,0.0,1.0,0.3469576396048069,0.06375471726059914,0.05303812213242054,0.1,0.9
79,0.0680072233080864,9.999999e-16,0.07229490578174591,0.06566818058490753,0.0,1.0,0.3469576396048069,0.06375471726059914,0.05303812213242054,0.1,0.9
80,0.05579766258597374,9.999999e-16,0.07237399369478226,0.05424748733639717,0.0,1.0,0.3469576396048069,0.06375471726059914,0.05303812213242054,0.1,0.9
81,0.07479957491159439,9.999999e-17,0.0724363774061203,0.07187116146087646,0.0,1.0,0.3469576396048069,0.06375471726059914,0.05303812213242054,0.1,0.9
82,0.07881387323141098,9.999999e-17,0.07239244878292084,0.0753469243645668,0.0,1.0,0.3469576396048069,0.06375471726059914,0.05303812213242054,0.1,0.9
83,0.07346522063016891,9.999999e-17,0.07237332314252853,0.07078621536493301,0.0,1.0,0.3469576396048069,0.06375471726059914,0.05303812213242054,0.1,0.9
84,0.07854150980710983,9.999999e-17,0.07241874188184738,0.07534070312976837,0.0,1.0,0.3469576396048069,0.06375471726059914,0.05303812213242054,0.1,0.9
85,0.0783173143863678,9.999999e-18,0.07242538034915924,0.07528097182512283,0.0,1.0,0.3469576396048069,0.06375471726059914,0.05303812213242054,0.1,0.9
86,0.06571076065301895,9.999999e-18,0.0724138393998146,0.06355191767215729,0.0,1.0,0.3469576396048069,0.06375471726059914,0.05303812213242054,0.1,0.9
87,0.06322329491376877,9.999999e-18,0.07252325862646103,0.06124351918697357,0.0,1.0,0.3469576396048069,0.06375471726059914,0.05303812213242054,0.1,0.9
88,0.05847977474331856,9.999999e-18,0.0724680945277214,0.056727852672338486,0.0,1.0,0.3469576396048069,0.06375471726059914,0.05303812213242054,0.1,0.9
89,0.06509757786989212,9.999999e-19,0.0724717378616333,0.06291957199573517,0.0,1.0,0.3469576396048069,0.06375471726059914,0.05303812213242054,0.1,0.9
90,0.06778901815414429,9.999999e-19,0.07251998782157898,0.06550273299217224,0.0,1.0,0.3469576396048069,0.06375471726059914,0.05303812213242054,0.1,0.9
91,0.054659437388181686,9.999999e-19,0.07241695374250412,0.05316861346364021,0.0,1.0,0.3469576396048069,0.06375471726059914,0.05303812213242054,0.1,0.9
92,0.06755561381578445,9.999999e-19,0.07236398011445999,0.0652104988694191,0.0,1.0,0.3469576396048069,0.06375471726059914,0.05303812213242054,0.1,0.9
93,0.062143947929143906,1e-19,0.07246675342321396,0.060209888964891434,0.0,1.0,0.3469576396048069,0.06375471726059914,0.05303812213242054,0.1,0.9
94,0.06513450294733047,1e-19,0.07232872396707535,0.0629284679889679,0.0,1.0,0.3469576396048069,0.06375471726059914,0.05303812213242054,0.1,0.9
95,0.06370358914136887,1e-19,0.07229938358068466,0.061623960733413696,0.0,1.0,0.3469576396048069,0.06375471726059914,0.05303812213242054,0.1,0.9
96,0.062085628509521484,1e-19,0.0723833292722702,0.06009833887219429,0.0,1.0,0.3469576396048069,0.06375471726059914,0.05303812213242054,0.1,0.9
97,0.0690670907497406,1e-20,0.07239055633544922,0.06656309962272644,0.0,1.0,0.3469576396048069,0.06375471726059914,0.05303812213242054,0.1,0.9
98,0.06294224411249161,1e-20,0.07228247076272964,0.06093992665410042,0.0,1.0,0.3469576396048069,0.06375471726059914,0.05303812213242054,0.1,0.9
99,0.05665617063641548,1e-20,0.0723762959241867,0.05503689870238304,0.0,1.0,0.3469576396048069,0.06375471726059914,0.05303812213242054,0.1,0.9
100,0.07188242673873901,1e-20,0.07252562791109085,0.06933501362800598,0.0,1.0,0.3469576396048069,0.06375471726059914,0.05303812213242054,0.1,0.9
101,0.07675301283597946,1e-21,0.07249178737401962,0.07361133396625519,0.0,1.0,0.3469576396048069,0.06375471726059914,0.05303812213242054,0.1,0.9
102,0.07515034824609756,1e-21,0.07241591066122055,0.07230311632156372,0.0,1.0,0.3469576396048069,0.06375471726059914,0.05303812213242054,0.1,0.9
103,0.06318717449903488,1e-21,0.07253418117761612,0.06115547940135002,0.0,1.0,0.3469576396048069,0.06375471726059914,0.05303812213242054,0.1,0.9
104,0.0657050833106041,1e-21,0.07252849638462067,0.06354223936796188,0.0,1.0,0.3469576396048069,0.06375471726059914,0.05303812213242054,0.1,0.9
105,0.060099486261606216,9.9999997e-23,0.07246957719326019,0.058227747678756714,0.0,1.0,0.3469576396048069,0.06375471726059914,0.05303812213242054,0.1,0.9
106,0.06094052270054817,9.9999997e-23,0.07255851477384567,0.059045106172561646,0.0,1.0,0.3469576396048069,0.06375471726059914,0.05303812213242054,0.1,0.9
107,0.05740755796432495,9.9999997e-23,0.07221432030200958,0.05570242181420326,0.0,1.0,0.3469576396048069,0.06375471726059914,0.05303812213242054,0.1,0.9
108,0.060160305351018906,9.9999997e-23,0.07237065583467484,0.05830933153629303,0.0,1.0,0.3469576396048069,0.06375471726059914,0.05303812213242054,0.1,0.9
109,0.07498230785131454,1e-23,0.07235594093799591,0.07183370739221573,0.0,1.0,0.3469576396048069,0.06375471726059914,0.05303812213242054,0.1,0.9
110,0.07635939866304398,1e-23,0.07238466292619705,0.07324504107236862,0.0,1.0,0.3469576396048069,0.06375471726059914,0.05303812213242054,0.1,0.9
111,0.0676017627120018,1e-23,0.07232705503702164,0.065236896276474,0.0,1.0,0.3469576396048069,0.06375471726059914,0.05303812213242054,0.1,0.9
112,0.07746117562055588,1e-23,0.0724618136882782,0.07432612031698227,0.0,1.0,0.3469576396048069,0.06375471726059914,0.05303812213242054,0.1,0.9
113,0.07273475080728531,1e-24,0.07250848412513733,0.06998419761657715,0.0,1.0,0.3469576396048069,0.06375471726059914,0.05303812213242054,0.1,0.9
114,0.07678093761205673,1e-24,0.07231903076171875,0.07373707741498947,0.0,1.0,0.3469576396048069,0.06375471726059914,0.05303812213242054,0.1,0.9
115,0.07078442722558975,1e-24,0.07238832861185074,0.06815776973962784,0.0,1.0,0.3469576396048069,0.06375471726059914,0.05303812213242054,0.1,0.9
116,0.0802362784743309,1e-24,0.07217363268136978,0.07690614461898804,0.0,1.0,0.3469576396048069,0.06375471726059914,0.05303812213242054,0.1,0.9
117,0.06503808498382568,1e-25,0.07246092706918716,0.06292279809713364,0.0,1.0,0.3469576396048069,0.06375471726059914,0.05303812213242054,0.1,0.9
118,0.05099473521113396,1e-25,0.07230398058891296,0.04968826472759247,0.0,1.0,0.3469576396048069,0.06375471726059914,0.05303812213242054,0.1,0.9
119,0.0598495751619339,1e-25,0.07250040024518967,0.057968299835920334,0.0,1.0,0.3469576396048069,0.06375471726059914,0.05303812213242054,0.1,0.9
120,0.06920017302036285,1e-25,0.07239890098571777,0.06670931726694107,0.0,1.0,0.3469576396048069,0.06375471726059914,0.05303812213242054,0.1,0.9
121,0.061150431632995605,1e-26,0.07245480269193649,0.05923463776707649,0.0,1.0,0.3469576396048069,0.06375471726059914,0.05303812213242054,0.1,0.9
122,0.0619247741997242,1e-26,0.07243804633617401,0.0599820651113987,0.0,1.0,0.3469576396048069,0.06375471726059914,0.05303812213242054,0.1,0.9
123,0.07029979676008224,1e-26,0.07234044373035431,0.06783033162355423,0.0,1.0,0.3469576396048069,0.06375471726059914,0.05303812213242054,0.1,0.9
124,0.0731600672006607,1e-26,0.07247336953878403,0.07037286460399628,0.0,1.0,0.3469576396048069,0.06375471726059914,0.05303812213242054,0.1,0.9
125,0.06109713390469551,1e-27,0.07263810932636261,0.059175360947847366,0.0,1.0,0.3469576396048069,0.06375471726059914,0.05303812213242054,0.1,0.9
126,0.05937745049595833,1e-27,0.07244868576526642,0.05755777284502983,0.0,1.0,0.3469576396048069,0.06375471726059914,0.05303812213242054,0.1,0.9
127,0.06944625824689865,1e-27,0.07262489199638367,0.06685564666986465,0.0,1.0,0.3469576396048069,0.06375471726059914,0.05303812213242054,0.1,0.9
128,0.05815635621547699,1e-27,0.07214800268411636,0.05647759139537811,0.0,1.0,0.3469576396048069,0.06375471726059914,0.05303812213242054,0.1,0.9
129,0.06324486434459686,1e-28,0.07261781394481659,0.06125665083527565,0.0,1.0,0.3469576396048069,0.06375471726059914,0.05303812213242054,0.1,0.9
130,0.06029346585273743,1e-28,0.0725664421916008,0.05835258960723877,0.0,1.0,0.3469576396048069,0.06375471726059914,0.05303812213242054,0.1,0.9
131,0.07933463901281357,1e-28,0.07243385165929794,0.07611756026744843,0.0,1.0,0.3469576396048069,0.06375471726059914,0.05303812213242054,0.1,0.9
132,0.07527333498001099,1e-28,0.07237721979618073,0.07240665704011917,0.0,1.0,0.3469576396048069,0.06375471726059914,0.05303812213242054,0.1,0.9
133,0.06745681911706924,1e-29,0.07245690375566483,0.06512343138456345,0.0,1.0,0.3469576396048069,0.06375471726059914,0.05303812213242054,0.1,0.9
134,0.061777565628290176,1e-29,0.07224494963884354,0.05986931920051575,0.0,1.0,0.3469576396048069,0.06375471726059914,0.05303812213242054,0.1,0.9
135,0.06594330817461014,1e-29,0.07236192375421524,0.06370889395475388,0.0,1.0,0.3469576396048069,0.06375471726059914,0.05303812213242054,0.1,0.9
136,0.07316718250513077,1e-29,0.07241229712963104,0.07038721442222595,0.0,1.0,0.3469576396048069,0.06375471726059914,0.05303812213242054,0.1,0.9
137,0.06951434165239334,1e-30,0.07258094102144241,0.06700381636619568,0.0,1.0,0.3469576396048069,0.06375471726059914,0.05303812213242054,0.1,0.9
138,0.0833817794919014,1e-30,0.07250836491584778,0.07969919592142105,0.0,1.0,0.3469576396048069,0.06375471726059914,0.05303812213242054,0.1,0.9
139,0.05043529346585274,1e-30,0.07231102883815765,0.04916052520275116,0.0,1.0,0.3469576396048069,0.06375471726059914,0.05303812213242054,0.1,0.9
140,0.07249514013528824,1e-30,0.07237602770328522,0.06982674449682236,0.0,1.0,0.3469576396048069,0.06375471726059914,0.05303812213242054,0.1,0.9
141,0.06174957752227783,1e-31,0.07231907546520233,0.05987420305609703,0.0,1.0,0.3469576396048069,0.06375471726059914,0.05303812213242054,0.1,0.9
142,0.06106317415833473,1e-31,0.07226499170064926,0.059197504073381424,0.0,1.0,0.3469576396048069,0.06375471726059914,0.05303812213242054,0.1,0.9
143,0.06679194420576096,1e-31,0.07242336124181747,0.06456737965345383,0.0,1.0,0.3469576396048069,0.06375471726059914,0.05303812213242054,0.1,0.9
144,0.06917592138051987,1e-31,0.07238483428955078,0.06674184650182724,0.0,1.0,0.3469576396048069,0.06375471726059914,0.05303812213242054,0.1,0.9
145,0.07304813712835312,9.9999995e-33,0.07232140004634857,0.07038149237632751,0.0,1.0,0.3469576396048069,0.06375471726059914,0.05303812213242054,0.1,0.9
146,0.06280142813920975,9.9999995e-33,0.07243212312459946,0.06071603298187256,0.0,1.0,0.3469576396048069,0.06375471726059914,0.05303812213242054,0.1,0.9
147,0.06582803279161453,9.9999995e-33,0.07249589264392853,0.06368855386972427,0.0,1.0,0.3469576396048069,0.06375471726059914,0.05303812213242054,0.1,0.9
148,0.06879627704620361,9.9999995e-33,0.07238208502531052,0.06619078665971756,0.0,1.0,0.3469576396048069,0.06375471726059914,0.05303812213242054,0.1,0.9
149,0.06795946508646011,9.999999e-34,0.07230032980442047,0.06557782739400864,0.0,1.0,0.3469576396048069,0.06375471726059914,0.05303812213242054,0.1,0.9
150,0.06060953438282013,9.999999e-34,0.07255245745182037,0.05870166793465614,0.0,1.0,0.3469576396048069,0.06375471726059914,0.05303812213242054,0.1,0.9
151,0.06266254186630249,9.999999e-34,0.07233626395463943,0.0606609471142292,0.0,1.0,0.3469576396048069,0.06375471726059914,0.05303812213242054,0.1,0.9
152,0.06332611292600632,9.999999e-34,0.07240484654903412,0.061306145042181015,0.0,1.0,0.3469576396048069,0.06375471726059914,0.05303812213242054,0.1,0.9
153,0.06895744055509567,9.999999e-35,0.07244843989610672,0.06640617549419403,0.0,1.0,0.3469576396048069,0.06375471726059914,0.05303812213242054,0.1,0.9
154,0.07607676833868027,9.999999e-35,0.07247662544250488,0.07306501269340515,0.0,1.0,0.3469576396048069,0.06375471726059914,0.05303812213242054,0.1,0.9
155,0.06975986063480377,9.999999e-35,0.07226651161909103,0.06732144206762314,0.0,1.0,0.3469576396048069,0.06375471726059914,0.05303812213242054,0.1,0.9
156,0.08366362005472183,9.999999e-35,0.07242249697446823,0.07998903840780258,0.0,1.0,0.3469576396048069,0.06375471726059914,0.05303812213242054,0.1,0.9
157,0.05914272367954254,9.9999995e-36,0.07243405282497406,0.05742276832461357,0.0,1.0,0.3469576396048069,0.06375471726059914,0.05303812213242054,0.1,0.9
158,0.07034296542406082,9.9999995e-36,0.07254721969366074,0.06779871135950089,0.0,1.0,0.3469576396048069,0.06375471726059914,0.05303812213242054,0.1,0.9
159,0.06615173071622849,9.9999995e-36,0.07246376574039459,0.0638473629951477,0.0,1.0,0.3469576396048069,0.06375471726059914,0.05303812213242054,0.1,0.9
160,0.07350055128335953,9.9999995e-36,0.07234358042478561,0.07075577229261398,0.0,1.0,0.3469576396048069,0.06375471726059914,0.05303812213242054,0.1,0.9
161,0.07143863290548325,9.9999995e-37,0.07251154631376266,0.06872538477182388,0.0,1.0,0.3469576396048069,0.06375471726059914,0.05303812213242054,0.1,0.9
162,0.06846032291650772,9.9999995e-37,0.07246731221675873,0.06594938039779663,0.0,1.0,0.3469576396048069,0.06375471726059914,0.05303812213242054,0.1,0.9
163,0.06764233857393265,9.9999995e-37,0.07237517088651657,0.06521482020616531,0.0,1.0,0.3469576396048069,0.06375471726059914,0.05303812213242054,0.1,0.9
164,0.06875558197498322,9.9999995e-37,0.07235156744718552,0.06639910489320755,0.0,1.0,0.3469576396048069,0.06375471726059914,0.05303812213242054,0.1,0.9
165,0.07423984259366989,1e-37,0.07241112738847733,0.07145751267671585,0.0,1.0,0.3469576396048069,0.06375471726059914,0.05303812213242054,0.1,0.9
166,0.05937710776925087,1e-37,0.07217732816934586,0.057631511241197586,0.0,1.0,0.3469576396048069,0.06375471726059914,0.05303812213242054,0.1,0.9
167,0.05892855301499367,1e-37,0.07251717150211334,0.057116877287626266,0.0,1.0,0.3469576396048069,0.06375471726059914,0.05303812213242054,0.1,0.9
168,0.06734935194253922,1e-37,0.07239533960819244,0.06509366631507874,0.0,1.0,0.3469576396048069,0.06375471726059914,0.05303812213242054,0.1,0.9
169,0.05206577107310295,1e-38,0.07237330824136734,0.050706569105386734,0.0,1.0,0.3469576396048069,0.06375471726059914,0.05303812213242054,0.1,0.9
170,0.07271140068769455,1e-38,0.07240969687700272,0.07002914696931839,0.0,1.0,0.3469576396048069,0.06375471726059914,0.05303812213242054,0.1,0.9
171,0.06660576164722443,1e-38,0.07245996594429016,0.06413522362709045,0.0,1.0,0.3469576396048069,0.06375471726059914,0.05303812213242054,0.1,0.9
172,0.06740910559892654,1e-38,0.07247965782880783,0.06503051519393921,0.0,1.0,0.3469576396048069,0.06375471726059914,0.05303812213242054,0.1,0.9
173,0.06461616605520248,1e-39,0.07231621444225311,0.06253532320261002,0.0,1.0,0.3469576396048069,0.06375471726059914,0.05303812213242054,0.1,0.9
174,0.061512988060712814,1e-39,0.0726936012506485,0.05955992266535759,0.0,1.0,0.3469576396048069,0.06375471726059914,0.05303812213242054,0.1,0.9
175,0.06701939553022385,1e-39,0.07235952466726303,0.0646371841430664,0.0,1.0,0.3469576396048069,0.06375471726059914,0.05303812213242054,0.1,0.9
176,0.06730341166257858,1e-39,0.0724325180053711,0.06483744829893112,0.0,1.0,0.3469576396048069,0.06375471726059914,0.05303812213242054,0.1,0.9
177,0.05720296502113342,1e-40,0.07236488908529282,0.05553160235285759,0.0,1.0,0.3469576396048069,0.06375471726059914,0.05303812213242054,0.1,0.9
178,0.07183823734521866,1e-40,0.07249513268470764,0.06922472268342972,0.0,1.0,0.3469576396048069,0.06375471726059914,0.05303812213242054,0.1,0.9
179,0.05375686287879944,1e-40,0.07246357947587967,0.052323997020721436,0.0,1.0,0.3469576396048069,0.06375471726059914,0.05303812213242054,0.1,0.9
180,0.05803265795111656,1e-40,0.07253115624189377,0.05630888417363167,0.0,1.0,0.3469576396048069,0.06375471726059914,0.05303812213242054,0.1,0.9
181,0.07157161086797714,1e-41,0.07241987437009811,0.06896062195301056,0.0,1.0,0.3469576396048069,0.06375471726059914,0.05303812213242054,0.1,0.9
182,0.07393350452184677,1e-41,0.07233922183513641,0.07088666409254074,0.0,1.0,0.3469576396048069,0.06375471726059914,0.05303812213242054,0.1,0.9
183,0.06844408810138702,1e-41,0.0722927376627922,0.06612902879714966,0.0,1.0,0.3469576396048069,0.06375471726059914,0.05303812213242054,0.1,0.9
184,0.0653790682554245,1e-41,0.07249756902456284,0.06320983916521072,0.0,1.0,0.3469576396048069,0.06375471726059914,0.05303812213242054,0.1,0.9
185,0.06148302182555199,1e-42,0.07240784168243408,0.05950310826301575,0.0,1.0,0.3469576396048069,0.06375471726059914,0.05303812213242054,0.1,0.9
186,0.07096961885690689,1e-42,0.07245881855487823,0.06834199279546738,0.0,1.0,0.3469576396048069,0.06375471726059914,0.05303812213242054,0.1,0.9
187,0.06082041934132576,1e-42,0.0723891630768776,0.05891634523868561,0.0,1.0,0.3469576396048069,0.06375471726059914,0.05303812213242054,0.1,0.9
188,0.05773726478219032,1e-42,0.07246812433004379,0.055973853915929794,0.0,1.0,0.3469576396048069,0.06375471726059914,0.05303812213242054,0.1,0.9
189,0.06688138097524643,1e-43,0.07237771153450012,0.06460016220808029,0.0,1.0,0.3469576396048069,0.06375471726059914,0.05303812213242054,0.1,0.9
190,0.06599608808755875,1e-43,0.07240132242441177,0.06370775401592255,0.0,1.0,0.3469576396048069,0.06375471726059914,0.05303812213242054,0.1,0.9
191,0.0664329007267952,1e-43,0.07244456559419632,0.0641568973660469,0.0,1.0,0.3469576396048069,0.06375471726059914,0.05303812213242054,0.1,0.9
192,0.059847697615623474,1e-43,0.07242418825626373,0.05803069472312927,0.0,1.0,0.3469576396048069,0.06375471726059914,0.05303812213242054,0.1,0.9
193,0.053860533982515335,1e-44,0.07244571298360825,0.0522964708507061,0.0,1.0,0.3469576396048069,0.06375471726059914,0.05303812213242054,0.1,0.9
194,0.06810148805379868,1e-44,0.0724153220653534,0.06564470380544662,0.0,1.0,0.3469576396048069,0.06375471726059914,0.05303812213242054,0.1,0.9
195,0.06071946397423744,1e-44,0.07239475101232529,0.05884397402405739,0.0,1.0,0.3469576396048069,0.06375471726059914,0.05303812213242054,0.1,0.9
196,0.06259544938802719,1e-44,0.07255256175994873,0.060548800975084305,0.0,1.0,0.3469576396048069,0.06375471726059914,0.05303812213242054,0.1,0.9
197,0.0745050460100174,1e-45,0.07254189997911453,0.07153204828500748,0.0,1.0,0.3469576396048069,0.06375471726059914,0.05303812213242054,0.1,0.9
198,0.06874135136604309,1e-45,0.07245195657014847,0.066320039331913,0.0,1.0,0.3469576396048069,0.06375471726059914,0.05303812213242054,0.1,0.9
199,0.061331119388341904,1e-45,0.0724790096282959,0.05944785475730896,0.0,1.0,0.3469576396048069,0.06375471726059914,0.05303812213242054,0.1,0.9
200,0.07169704139232635,1e-45,0.07252565771341324,0.06913227587938309,0.0,1.0,0.3469576396048069,0.06375471726059914,0.05303812213242054,0.1,0.9
201,0.05561377480626106,0.0,0.07242744415998459,0.0540560819208622,0.0,1.0,0.3469576396048069,0.06375471726059914,0.05303812213242054,0.1,0.9
202,0.05990273877978325,0.0,0.07248528301715851,0.058088529855012894,0.0,1.0,0.3469576396048069,0.06375471726059914,0.05303812213242054,0.1,0.9
203,0.07113683223724365,0.0,0.07241928577423096,0.06846311688423157,0.0,1.0,0.3469576396048069,0.06375471726059914,0.05303812213242054,0.1,0.9
204,0.06163213774561882,0.0,0.0724167749285698,0.059729814529418945,0.0,1.0,0.3469576396048069,0.06375471726059914,0.05303812213242054,0.1,0.9
205,0.06323304027318954,0.0,0.0725221186876297,0.06113592907786369,0.0,1.0,0.3469576396048069,0.06375471726059914,0.05303812213242054,0.1,0.9
206,0.06096574291586876,0.0,0.0725017637014389,0.05906582996249199,0.0,1.0,0.3469576396048069,0.06375471726059914,0.05303812213242054,0.1,0.9
207,0.056548044085502625,0.0,0.0724392980337143,0.054909542202949524,0.0,1.0,0.3469576396048069,0.06375471726059914,0.05303812213242054,0.1,0.9
208,0.05893914774060249,0.0,0.07237263768911362,0.05714160203933716,0.0,1.0,0.3469576396048069,0.06375471726059914,0.05303812213242054,0.1,0.9
209,0.0707404837012291,0.0,0.0724109634757042,0.06806445866823196,0.0,1.0,0.3469576396048069,0.06375471726059914,0.05303812213242054,0.1,0.9
210,0.06453300267457962,0.0,0.07227738946676254,0.06232112646102905,0.0,1.0,0.3469576396048069,0.06375471726059914,0.05303812213242054,0.1,0.9
211,0.0624757818877697,0.0,0.07249868661165237,0.06046507880091667,0.0,1.0,0.3469576396048069,0.06375471726059914,0.05303812213242054,0.1,0.9
212,0.07170215994119644,0.0,0.07239891588687897,0.06916344910860062,0.0,1.0,0.3469576396048069,0.06375471726059914,0.05303812213242054,0.1,0.9
213,0.0636056438088417,0.0,0.07251850515604019,0.06159713864326477,0.0,1.0,0.3469576396048069,0.06375471726059914,0.05303812213242054,0.1,0.9
214,0.07143206149339676,0.0,0.07250773161649704,0.06883149594068527,0.0,1.0,0.3469576396048069,0.06375471726059914,0.05303812213242054,0.1,0.9
215,0.06509409099817276,0.0,0.07247961312532425,0.06278523057699203,0.0,1.0,0.3469576396048069,0.06375471726059914,0.05303812213242054,0.1,0.9
216,0.0657980740070343,0.0,0.0723491832613945,0.06358084082603455,0.0,1.0,0.3469576396048069,0.06375471726059914,0.05303812213242054,0.1,0.9
217,0.06678864359855652,0.0,0.07237044721841812,0.06450647860765457,0.0,1.0,0.3469576396048069,0.06375471726059914,0.05303812213242054,0.1,0.9
218,0.06729182600975037,0.0,0.072316974401474,0.06504040956497192,0.0,1.0,0.3469576396048069,0.06375471726059914,0.05303812213242054,0.1,0.9
219,0.06998573243618011,0.0,0.07236271351575851,0.06752479076385498,0.0,1.0,0.3469576396048069,0.06375471726059914,0.05303812213242054,0.1,0.9
220,0.06058121845126152,0.0,0.07241062819957733,0.05873020365834236,0.0,1.0,0.3469576396048069,0.06375471726059914,0.05303812213242054,0.1,0.9
221,0.06635839492082596,0.0,0.07238631695508957,0.06413281708955765,0.0,1.0,0.3469576396048069,0.06375471726059914,0.05303812213242054,0.1,0.9
222,0.06982716917991638,0.0,0.0723542645573616,0.06736695021390915,0.0,1.0,0.3469576396048069,0.06375471726059914,0.05303812213242054,0.1,0.9
223,0.059871554374694824,0.0,0.07255304604768753,0.057995181530714035,0.0,1.0,0.3469576396048069,0.06375471726059914,0.05303812213242054,0.1,0.9
224,0.062436025589704514,0.0,0.07251778990030289,0.06037663295865059,0.0,1.0,0.3469576396048069,0.06375471726059914,0.05303812213242054,0.1,0.9
225,0.06736671179533005,0.0,0.07232170552015305,0.06499354541301727,0.0,1.0,0.3469576396048069,0.06375471726059914,0.05303812213242054,0.1,0.9
226,0.06483475118875504,0.0,0.07249453663825989,0.0627000704407692,0.0,1.0,0.3469576396048069,0.06375471726059914,0.05303812213242054,0.1,0.9
227,0.06182419881224632,0.0,0.0723281055688858,0.05984941124916077,0.0,1.0,0.3469576396048069,0.06375471726059914,0.05303812213242054,0.1,0.9
228,0.07741988450288773,0.0,0.07248221337795258,0.07432462275028229,0.0,1.0,0.3469576396048069,0.06375471726059914,0.05303812213242054,0.1,0.9
229,0.060330361127853394,0.0,0.07234180718660355,0.058509331196546555,0.0,1.0,0.3469576396048069,0.06375471726059914,0.05303812213242054,0.1,0.9
230,0.06901607662439346,0.0,0.07229474186897278,0.06660819798707962,0.0,1.0,0.3469576396048069,0.06375471726059914,0.05303812213242054,0.1,0.9
231,0.06308337301015854,0.0,0.07249883562326431,0.06094098091125488,0.0,1.0,0.3469576396048069,0.06375471726059914,0.05303812213242054,0.1,0.9
232,0.0861339271068573,0.0,0.07242968678474426,0.08220762759447098,0.0,1.0,0.3469576396048069,0.06375471726059914,0.05303812213242054,0.1,0.9
233,0.06412103027105331,0.0,0.07237820327281952,0.062038104981184006,0.0,1.0,0.3469576396048069,0.06375471726059914,0.05303812213242054,0.1,0.9
234,0.07061120122671127,0.0,0.07230934500694275,0.06813172996044159,0.0,1.0,0.3469576396048069,0.06375471726059914,0.05303812213242054,0.1,0.9
235,0.07189196348190308,0.0,0.07241495698690414,0.069131039083004,0.0,1.0,0.3469576396048069,0.06375471726059914,0.05303812213242054,0.1,0.9
236,0.06255105137825012,0.0,0.07244574278593063,0.06053408980369568,0.0,1.0,0.3469576396048069,0.06375471726059914,0.05303812213242054,0.1,0.9
237,0.06913422793149948,0.0,0.07237459719181061,0.06671246141195297,0.0,1.0,0.3469576396048069,0.06375471726059914,0.05303812213242054,0.1,0.9
238,0.06148773431777954,0.0,0.0723191425204277,0.05955689772963524,0.0,1.0,0.3469576396048069,0.06375471726059914,0.05303812213242054,0.1,0.9
239,0.07511154562234879,0.0,0.0724509134888649,0.07213050872087479,0.0,1.0,0.3469576396048069,0.06375471726059914,0.05303812213242054,0.1,0.9
240,0.06537093967199326,0.0,0.0722823366522789,0.06322462111711502,0.0,1.0,0.3469576396048069,0.06375471726059914,0.05303812213242054,0.1,0.9
241,0.07195892184972763,0.0,0.0722866877913475,0.06927365064620972,0.0,1.0,0.3469576396048069,0.06375471726059914,0.05303812213242054,0.1,0.9
242,0.06683178246021271,0.0,0.07228773087263107,0.0646279901266098,0.0,1.0,0.3469576396048069,0.06375471726059914,0.05303812213242054,0.1,0.9
243,0.07643949240446091,0.0,0.07243797183036804,0.07354971021413803,0.0,1.0,0.3469576396048069,0.06375471726059914,0.05303812213242054,0.1,0.9
244,0.057353425770998,0.0,0.07236477732658386,0.055639415979385376,0.0,1.0,0.3469576396048069,0.06375471726059914,0.05303812213242054,0.1,0.9
245,0.053794413805007935,0.0,0.07243029028177261,0.052338045090436935,0.0,1.0,0.3469576396048069,0.06375471726059914,0.05303812213242054,0.1,0.9
246,0.06979057192802429,0.0,0.07232663035392761,0.06734547764062881,0.0,1.0,0.3469576396048069,0.06375471726059914,0.05303812213242054,0.1,0.9
247,0.07680030167102814,0.0,0.07232655584812164,0.07385848462581635,0.0,1.0,0.3469576396048069,0.06375471726059914,0.05303812213242054,0.1,0.9
248,0.08404000848531723,0.0,0.07268977165222168,0.08033125847578049,0.0,1.0,0.3469576396048069,0.06375471726059914,0.05303812213242054,0.1,0.9
249,0.059798408299684525,0.0,0.07239783555269241,0.05793240666389465,0.0,1.0,0.3469576396048069,0.06375471726059914,0.05303812213242054,0.1,0.9
250,0.0570933036506176,0.0,0.07246755063533783,0.05545815825462341,0.0,1.0,0.3469576396048069,0.06375471726059914,0.05303812213242054,0.1,0.9
251,0.06216052174568176,0.0,0.07224740833044052,0.06021491810679436,0.0,1.0,0.3469576396048069,0.06375471726059914,0.05303812213242054,0.1,0.9
252,0.07173547893762589,0.0,0.07248540222644806,0.06902454048395157,0.0,1.0,0.3469576396048069,0.06375471726059914,0.05303812213242054,0.1,0.9
253,0.07230368256568909,0.0,0.07247481495141983,0.06955308467149734,0.0,1.0,0.3469576396048069,0.06375471726059914,0.05303812213242054,0.1,0.9
254,0.06721824407577515,0.0,0.07248854637145996,0.06491243094205856,0.0,1.0,0.3469576396048069,0.06375471726059914,0.05303812213242054,0.1,0.9
255,0.06552234292030334,0.0,0.0724678710103035,0.06332551687955856,0.0,1.0,0.3469576396048069,0.06375471726059914,0.05303812213242054,0.1,0.9
256,0.055846091359853745,0.0,0.07221414148807526,0.0542747862637043,0.0,1.0,0.3469576396048069,0.06375471726059914,0.05303812213242054,0.1,0.9
257,0.0756368413567543,0.0,0.07221819460391998,0.0726998820900917,0.0,1.0,0.3469576396048069,0.06375471726059914,0.05303812213242054,0.1,0.9
258,0.06953229010105133,0.0,0.07244577258825302,0.0670372024178505,0.0,1.0,0.3469576396048069,0.06375471726059914,0.05303812213242054,0.1,0.9
259,0.07984764873981476,0.0,0.07232196629047394,0.07655952125787735,0.0,1.0,0.3469576396048069,0.06375471726059914,0.05303812213242054,0.1,0.9
260,0.06900256127119064,0.0,0.07229170948266983,0.06650135666131973,0.0,1.0,0.3469576396048069,0.06375471726059914,0.05303812213242054,0.1,0.9
261,0.08211232721805573,0.0,0.07240451872348785,0.07867280393838882,0.0,1.0,0.3469576396048069,0.06375471726059914,0.05303812213242054,0.1,0.9
262,0.06604944169521332,0.0,0.07234951108694077,0.06383281946182251,0.0,1.0,0.3469576396048069,0.06375471726059914,0.05303812213242054,0.1,0.9
263,0.0664638951420784,0.0,0.07241158187389374,0.06420668959617615,0.0,1.0,0.3469576396048069,0.06375471726059914,0.05303812213242054,0.1,0.9
264,0.06640984863042831,0.0,0.07234350591897964,0.06414259225130081,0.0,1.0,0.3469576396048069,0.06375471726059914,0.05303812213242054,0.1,0.9
265,0.06608171761035919,0.0,0.07235504686832428,0.06384783983230591,0.0,1.0,0.3469576396048069,0.06375471726059914,0.05303812213242054,0.1,0.9
266,0.07155290246009827,0.0,0.07251516729593277,0.06887686997652054,0.0,1.0,0.3469576396048069,0.06375471726059914,0.05303812213242054,0.1,0.9
267,0.0803733617067337,0.0,0.072298564016819,0.07712894678115845,0.0,1.0,0.3469576396048069,0.06375471726059914,0.05303812213242054,0.1,0.9
268,0.0653902068734169,0.0,0.07250126451253891,0.06323275715112686,0.0,1.0,0.3469576396048069,0.06375471726059914,0.05303812213242054,0.1,0.9
269,0.0646795853972435,0.0,0.07242606580257416,0.0625590905547142,0.0,1.0,0.3469576396048069,0.06375471726059914,0.05303812213242054,0.1,0.9
270,0.0664670392870903,0.0,0.0724039077758789,0.06414472311735153,0.0,1.0,0.3469576396048069,0.06375471726059914,0.05303812213242054,0.1,0.9
271,0.06833218038082123,0.0,0.0724119171500206,0.06590960919857025,0.0,1.0,0.3469576396048069,0.06375471726059914,0.05303812213242054,0.1,0.9
272,0.06498431414365768,0.0,0.07236326485872269,0.06287369877099991,0.0,1.0,0.3469576396048069,0.06375471726059914,0.05303812213242054,0.1,0.9
273,0.06308986991643906,0.0,0.07256774604320526,0.06107321381568909,0.0,1.0,0.3469576396048069,0.06375471726059914,0.05303812213242054,0.1,0.9
274,0.06886894255876541,0.0,0.07235964387655258,0.06635137647390366,0.0,1.0,0.3469576396048069,0.06375471726059914,0.05303812213242054,0.1,0.9
275,0.07627235352993011,0.0,0.07245375216007233,0.07323623448610306,0.0,1.0,0.3469576396048069,0.06375471726059914,0.05303812213242054,0.1,0.9
276,0.06203093007206917,0.0,0.07243017852306366,0.06002223491668701,0.0,1.0,0.3469576396048069,0.06375471726059914,0.05303812213242054,0.1,0.9
277,0.07741422951221466,0.0,0.0724089965224266,0.07430325448513031,0.0,1.0,0.3469576396048069,0.06375471726059914,0.05303812213242054,0.1,0.9
278,0.06028749421238899,0.0,0.07231321185827255,0.05839795246720314,0.0,1.0,0.3469576396048069,0.06375471726059914,0.05303812213242054,0.1,0.9
279,0.057038187980651855,0.0,0.07249696552753448,0.055392444133758545,0.0,1.0,0.3469576396048069,0.06375471726059914,0.05303812213242054,0.1,0.9
280,0.06638053804636002,0.0,0.0723273754119873,0.0641954317688942,0.0,1.0,0.3469576396048069,0.06375471726059914,0.05303812213242054,0.1,0.9
281,0.06549283117055893,0.0,0.07227877527475357,0.06327241659164429,0.0,1.0,0.3469576396048069,0.06375471726059914,0.05303812213242054,0.1,0.9
282,0.07148993015289307,0.0,0.0724027156829834,0.06877709180116653,0.0,1.0,0.3469576396048069,0.06375471726059914,0.05303812213242054,0.1,0.9
283,0.06951480358839035,0.0,0.07235964387655258,0.06714155524969101,0.0,1.0,0.3469576396048069,0.06375471726059914,0.05303812213242054,0.1,0.9
284,0.05635465681552887,0.0,0.072446808218956,0.05473784729838371,0.0,1.0,0.3469576396048069,0.06375471726059914,0.05303812213242054,0.1,0.9
285,0.07445955276489258,0.0,0.07233459502458572,0.07158906757831573,0.0,1.0,0.3469576396048069,0.06375471726059914,0.05303812213242054,0.1,0.9
286,0.06528370082378387,0.0,0.07234183698892593,0.06317416578531265,0.0,1.0,0.3469576396048069,0.06375471726059914,0.05303812213242054,0.1,0.9
287,0.06075093522667885,0.0,0.0723634883761406,0.058932919055223465,0.0,1.0,0.3469576396048069,0.06375471726059914,0.05303812213242054,0.1,0.9
288,0.0695907324552536,0.0,0.07244177162647247,0.06696751713752747,0.0,1.0,0.3469576396048069,0.06375471726059914,0.05303812213242054,0.1,0.9
289,0.06186618283390999,0.0,0.07241152971982956,0.059958428144454956,0.0,1.0,0.3469576396048069,0.06375471726059914,0.05303812213242054,0.1,0.9
290,0.06310952454805374,0.0,0.07244542241096497,0.061041105538606644,0.0,1.0,0.3469576396048069,0.06375471726059914,0.05303812213242054,0.1,0.9
291,0.06999745965003967,0.0,0.07228507101535797,0.06724950671195984,0.0,1.0,0.3469576396048069,0.06375471726059914,0.05303812213242054,0.1,0.9
292,0.07233583927154541,0.0,0.07255938649177551,0.0697050467133522,0.0,1.0,0.3469576396048069,0.06375471726059914,0.05303812213242054,0.1,0.9
293,0.07536760717630386,0.0,0.07260659337043762,0.07237422466278076,0.0,1.0,0.3469576396048069,0.06375471726059914,0.05303812213242054,0.1,0.9
294,0.07852078974246979,0.0,0.07246260344982147,0.07543081790208817,0.0,1.0,0.3469576396048069,0.06375471726059914,0.05303812213242054,0.1,0.9
295,0.06300930678844452,0.0,0.07246390730142593,0.06101785972714424,0.0,1.0,0.3469576396048069,0.06375471726059914,0.05303812213242054,0.1,0.9
296,0.061354707926511765,0.0,0.07227392494678497,0.0594756156206131,0.0,1.0,0.3469576396048069,0.06375471726059914,0.05303812213242054,0.1,0.9
297,0.07064605504274368,0.0,0.07242606580257416,0.06813608855009079,0.0,1.0,0.3469576396048069,0.06375471726059914,0.05303812213242054,0.1,0.9
298,0.05841079354286194,0.0,0.0723232850432396,0.056545961648225784,0.0,1.0,0.3469576396048069,0.06375471726059914,0.05303812213242054,0.1,0.9
299,0.05610647797584534,0.0,0.07239460945129395,0.05452435091137886,0.0,1.0,0.3469576396048069,0.06375471726059914,0.05303812213242054,0.1,0.9
